User_id,Password,Names,Role,,,
1041514813,Madora+27788,Madora,Election commissioner,,,27788
1046222077,Harold+27914,Harold,Collection officer,,,27914
1049591831,Matthew+28004,Matthew,Collection officer,,,28004
1062050703,Ben+28336,Ben,Police Commissioner,,,28336
1071429143,Adrienne+28586,Adrienne,Collection officer,,,28586
1087770692,Isaac+29022,Isaac,Collection officer,,,29022
1092538373,Marion+29149,Marion,Election commissioner,,,29149
1114281232,Thomas+29730,Thomas,Police Commissioner,,,29730
1155631071,Elaine+30833,Elaine,Election commissioner,,,30833
1165712932,Tennessee+31102,Tennessee,Collection officer,,,31102
1195210033,Texas+31889,Texas,Police Commissioner,,,31889
1195264701,Jesse+31890,Jesse,Election commissioner,,,31890
1197106530,Richard+31939,Richard,Election commissioner,,,31939
1197161814,Clyde+31941,Clyde,Collection officer,,,31941
1212812142,Alfreda+32358,Alfreda,Election commissioner,,,32358
1223178222,Lewis+32635,Lewis,Election commissioner,,,32635
1223237202,Lemma+32637,Lemma,Police Commissioner,,,32637
1223762662,Jake+32651,Jake,Collection officer,,,32651
1226318347,Howard+32719,Howard,Collection officer,,,32719
1228486722,Otto+32777,Otto,Police Commissioner,,,32777
1230663070,Delila+32835,Delila,Police Commissioner,,,32835
1234552257,Charlotta+32938,Charlotta,Collection officer,,,32938
1235527153,Leroy+32964,Leroy,Election commissioner,,,32964
1241314924,Elmer+33119,Elmer,Election commissioner,,,33119
1243116723,Lella+33167,Lella,Police Commissioner,,,33167
1249193625,Frank+33329,Frank,Police Commissioner,,,33329
1249207211,Aggie+33329,Aggie,Election commissioner,,,33329
1258463770,Homer+33576,Homer,Collection officer,,,33576
1263346014,Raymond+33707,Raymond,Collection officer,,,33707
1263498570,Franklin+33711,Franklin,Collection officer,,,33711
1265028973,Jay+33752,Jay,Election commissioner,,,33752
1266321801,Lee+33786,Lee,Election commissioner,,,33786
1269681184,Buena+33876,Buena,Election commissioner,,,33876
1275017594,Mack+34018,Mack,Collection officer,,,34018
1286189071,Christopher+34316,Christopher,Police Commissioner,,,34316
1296241304,Chester+34584,Chester,Election commissioner,,,34584
1300574737,Horace+34700,Horace,Collection officer,,,34700
1309401444,Hugh+34936,Hugh,Election commissioner,,,34936
1310872334,Manervia+34975,Manervia,Police Commissioner,,,34975
1311342331,Jack+34987,Jack,Election commissioner,,,34987
1312412824,Zelda+35016,Zelda,Police Commissioner,,,35016
1315004401,Vannie+35085,Vannie,Collection officer,,,35085
1340552632,Celesta+35767,Celesta,Police Commissioner,,,35767
1344360230,Albert+35868,Albert,Police Commissioner,,,35868
1357511194,George+36219,George,Police Commissioner,,,36219
1372391882,Clora+36616,Clora,Police Commissioner,,,36616
1390699323,Pinkey+37105,Pinkey,Election commissioner,,,37105
1401712533,Tella+37398,Tella,Collection officer,,,37398
1402869242,Dave+37429,Dave,Police Commissioner,,,37429
1438334892,Roy+38376,Roy,Collection officer,,,38376
1465128481,Elmire+39090,Elmire,Police Commissioner,,,39090
1487256502,Edward+39681,Edward,Election commissioner,,,39681
1494819694,Delphine+39883,Delphine,Police Commissioner,,,39883
1496838292,Harvey+39936,Harvey,Collection officer,,,39936
1496838293,Clarence+39936,Clarence,Election commissioner,,,39936
1504709690,Michael+40147,Michael,Police Commissioner,,,40147
1549386354,August+41339,August,Police Commissioner,,,41339
1564899195,Ralph+41752,Ralph,Collection officer,,,41752
1576229144,David+42055,David,Election commissioner,,,42055
1581391477,Alonzo+42192,Alonzo,Collection officer,,,42192